,RMSE,MAPE,,
E-reg,5077.299711,3.1812%,,
E-MAPE,7101.879169,4.1929%,,
V-reg,3806.477906,2.2678%,,
V-MAPE,3514.672197,1.8489%,,
