,RMSE,MAPE
E-reg,2735.411262,1.1072%
E-MAPE,2499.607843,0.9691%
V-reg,3328.648079,1.7462%
V-MAPE,3535.577898,1.8660%
